"","HD10","HD1","HD2","HD3","HD4","HD5","HD6","HD7","HD8","HD9","Pz111","Pz12","PZ148","Pz15","Pz16","PZ178","Pz25","PZ285","Pz28","PZ387","PZ390","PZ409","PZ49","PZ55","PZ69","Pz7","PZ90","PZ93","PZ94","PZ95"
"A0A024QZN4;V9HWK2;P18206;B3KXA2;B4E3Q9;Q5JQ13",-0.967729,-2.052492,-1.761505,-2.13301,-4.670445,-7.22488,-2.586575,0.068788,-2.38151,-2.196995,-5.402435,-4.6606,-1.532845,-3.990535,-2.68633,-1.83697,-4.24454,-6.306065,-2.47741,-4.701635,-5.46724,-6.48367,-1.94364,-0.376314,-3.547725,0.5472685,-3.34068,-5.527405,-6.470125,-4.52517
"A0A024R035;P02748",4.254475,3.970795,3.818635,4.19523,4.17741,2.83733,2.82354,4.624535,3.93936,3.84073,5.04148,3.960395,5.41699,5.10146,6.097855,4.931895,6.140615,4.6567,6.16365,4.38137,3.86667,2.131815,4.94539,6.78774,3.782615,6.12245,5.302515,4.189715,5.691085,5.65566
"K7ERI9;A0A024R0T8;P02654;K7EKP1;K7EJI9;K7ELM9;K7EPF9",5.17584,5.0269075,4.611505,6.540315,6.36824,5.68462,4.734545,5.10017,5.14521,5.38657,3.52464,2.79161,4.272925,2.11568,1.151475,3.210315,4.10293,2.850625,1.189555,4.192385,5.08171,4.896345,4.733165,3.49581,6.522015,5.07602,3.13962,3.7298,1.90358,3.69064
"A0A024R1Q4;A0A024R1G8;O14791;U5LKM6;U5LI90;U5LGU2;U5LH96;U5LKG0;U5LH46;U5LKP5;U5LKJ0;U5LKH9;U5LIH6;U5LIG7;U5LHF6;U5LKQ0;U5LIJ1;U5LKT7;U5LIA9;U5LGY0;A0A1B2FJ89;A0A1B2FJP1;A0A1B2FJD8;A0A1B2FJC1;A0A1B2FJ11;A0A1B2FIW1;A0A1B2FKD8;A0A1B2FK76;A0A1B2FK40;A0A1B2FJZ7;A0A1B2FJH1;A0A1B2FJE5;A0A1B2FJ64;A0A1B2FJ32;A0A1B2FIX3;A0A1B2FIW3;A0A1B2FK27;A0A1B2FJX9;A0A1B2FJS4;A0A1B2FJK3;A0A1B2FJJ4;A0A1B2FJI7;A0A1B2FJ82;A0A1B2FK65;A0A1B2FK26;A0A1B2FJV6;A0A1B2FJU3;A0A1B2FJQ0;A0A1B2FJI3;A0A1B2FJD3;A0A1B2FJB2;A0A1B2FJB1;A0A1B2FJA9;A0A1B2FJ38;A0A1B2FJ21;A0A1B2FIY0;A0A1B2FIW9",2.51745,2.2590875,1.414725,2.686875,3.249465,2.474055,0.3890405,2.50155,1.86064,1.865395,2.30658,2.648575,2.18297,2.32009,2.50388,3.49871,2.553475,0.9834565,2.79532,0.40460885,0.7971145,-1.1159215,1.621505,4.56016,3.528105,2.787185,2.5887,1.75281,2.78752,2.030025
"A0A024R1U8;P22692",-0.54244,-1.6655415,-4.666325,0.0109755,-0.649376,-3.431715,-6.174835,-2.240525,-1.18161,-1.132775,-1.070285,-3.703045,-2.27016,-3.315255,-0.9414905,-3.26047,1.88649,-2.227785,1.48013,-4.176305,-4.505675,-6.481205,-4.11696,0.1461975,-0.472086,-1.372899,0.3286755,-5.709735,-0.8601685,-0.1461656
"A0A024R3E3;P02647;F8W696",10.1989,9.702115,9.406265,10.4994,10.14105,10.024055,8.878405,9.881625,9.79355,9.24145,9.125525,8.724875,8.853175,8.224485,8.500205,9.27949,9.153325,7.39946,8.258555,8.33374,7.933065,8.39949,8.438225,10.20055,9.68002,9.14677,9.12309,8.644665,8.71835,8.609805
"A0A024R462;B7ZLE5;P02751;Q6MZM7;Q6N084;Q59G22;Q68CX6",-0.0840969,-3.04767095,-6.15154,3.568105,3.70546,-1.136815,0.1638545,-3.259735,1.593825,2.329075,2.758425,4.1964,4.76748,4.12879,3.93923,5.211165,4.34629,-2.93611,5.57296,-0.7934315,-4.285085,-6.456775,2.861025,5.800335,3.833305,4.07634,4.681965,4.48509,5.26249,4.0992
"A0A024R4F1;P06733;E2DRY6",-1.90035,-2.7138475,-3.212015,-1.35565,-3.926995,-7.72695,-3.15634,-1.909375,-2.89391,-3.46944,-5.238415,-3.709635,-2.119955,-3.875345,-3.550575,-2.718725,-4.903715,-5.448765,-1.910775,-5.99264,-5.470875,-5.33698,-1.5206715,-1.131762,-4.05746,-0.3682915,-2.7006,-6.294145,-4.032985,-3.899365
"A0A024R694;P12814;H9KV75;B7Z565;Q86TX4;B4DFY0",-0.834134,-2.494907,-2.104515,-2.14397,-5.66684,-6.697555,-3.84245,-0.0433155,-2.280755,-3.291615,-5.87637,-5.98555,-1.1966655,-5.455145,-5.857865,-1.0556955,-4.24287,-7.365325,-4.58223,-6.899135,-6.92149,-6.76623,-3.62156,-0.290179,-3.47928,-0.249248,-5.452025,-4.59734,-5.51013,-5.602795
"A0A024R6I6;G3V2W1;Q9UK55",-0.2197076,-0.2266988,-1.0524415,0.1118471,0.862901,-2.078705,-1.186855,-0.07718535,-0.5638705,-0.6729395,-0.9725725,0.432679,-0.024749295,0.8564385,1.883805,-0.436207,2.05575,0.6867025,1.44886,0.507713,-0.228006,-0.3468784,-0.1664863,1.61639,-0.64797835,2.09233,0.9117955,-2.305325,1.69723,1.200535
"B2R815;A0A024R6I9;P29622",2.907055,2.8754875,2.82666,4.03124,4.296235,3.34685,4.154565,3.95321,3.470015,3.158995,3.08672,3.10447,3.75937,1.599165,1.629,3.26663,2.932905,-0.439443,3.700225,0.8216705,1.54383,1.54886,4.349705,3.57767,5.04428,4.21127,3.857265,2.778315,2.01685,3.46462
"A0A024R6N9;P05154;B4DPC7;B3KTV6;B4DDH1;G3V5Q9",0.482026,-0.494627,-2.16284,1.169044,0.9070945,-4.253435,-2.297755,0.4331225,-0.43544,-4.23005,0.00186255,-0.884598,0.5215475,-1.3767255,-1.10198,0.411943,-0.8135285,-6.827045,-0.3955925,-2.911915,-0.697128,-0.903178,-0.6905715,0.364825,-0.04298115,-0.24202375,-0.818545,-0.2616345,-0.960526,-0.12594665
"A0A024R6P0;B3KS79;P01011;G3V595",7.30934,7.1199975,7.088155,7.94134,7.837165,6.599815,5.90759,7.52731,7.03322,7.260855,8.1292,7.99543,9.31872,8.70349,9.782175,8.751575,10.38235,7.89342,10.071495,7.463225,6.672745,5.12889,8.860135,10.09035,9.0903,9.884365,9.066645,7.27782,9.165165,9.504
"A0A024R8G4;Q76LX8",-4.31873,-4.0378975,-4.85102,-4.267385,-2.338575,-5.74435,-6.19913,-5.663525,-5.51831,-4.55102,-4.42867,-3.030995,-4.774815,-4.061545,-2.749705,-5.01636,-4.98249,-5.120985,-2.126645,-6.581755,-6.035805,-5.96742,-3.640015,-1.344575,-4.229315,-1.07423,-4.549185,-5.352875,-2.499535,-4.98848
"B4DQA0;Q8WW79;A0A024R8Z0;P14151;A0A0H5AY34",-0.8219705,-0.39532615,-0.4954515,-0.052308,0.24864975,-3.341095,-5.541695,-0.991999,-0.8899695,-1.20573,-1.37158,-1.674305,-0.731035,-1.687515,0.590544,-0.4771285,-0.002051835,-7.61704,0.821086,-3.28034,-5.60181,-4.988035,-3.823685,-0.3679245,0.1933775,0.03837805,-1.242702,-2.102265,-1.43694,-0.882033
"A0A0U1RR20;A0A024R930;Q92954;B3KQ20",-1.98063,-2.68301,-4.422155,-1.489355,-2.20281,-4.349345,-1.678265,-2.892845,-3.124015,-2.15565,-4.09803,-1.69656,-0.033112,-0.4858685,-0.449001,-0.9545475,-0.9082745,-2.31019,0.1389684,-2.309175,-0.3663242,-2.73294,-0.1383865,-0.1021345,-2.19352,0.2179115,-2.07682,-3.053245,-1.479995,-3.015105
"A0A024R944;P01008;A0A0K0Q2Z1",6.024945,5.871135,5.757855,6.82815,6.61274,5.68633,5.44996,6.508095,5.90907,5.5826,6.25953,5.58901,6.380635,5.71931,6.604485,6.226525,7.173425,5.463245,7.270925,5.32583,5.685095,4.77417,6.57088,7.38694,6.85476,7.25721,6.278355,5.53926,6.44017,6.778225
"A0A024R962;A0A024R984",6.639425,6.38585,5.644875,7.03901,6.87026,5.091815,5.412635,6.130475,5.791055,5.93354,6.23196,5.59775,6.740625,6.121945,6.608045,6.197065,7.208665,5.399625,7.441225,4.398305,4.660055,3.069005,6.559985,7.85783,5.981555,7.118385,6.6186,5.535065,6.98075,6.73017
"A0A024RAA7;P02747",5.34406,4.9814775,4.798625,5.75671,5.542775,4.491045,4.41963,5.1731,4.58931,4.83893,5.20105,4.32546,5.379115,5.10781,6.086455,5.234715,6.55365,3.49017,6.689015,3.29114,2.38723,2.15453,5.4148,6.42213,6.22651,6.314465,5.703155,4.594265,5.200315,6.26537
"D6R934;A0A024RAB9;P02746;A0A0A0MSV6",5.59117,5.1774925,4.751655,5.736815,5.61564,4.39901,4.310185,5.246805,5.15921,4.838335,5.344935,3.505315,5.1822,4.613675,5.748005,5.44329,6.53419,3.73445,6.454555,3.94745,3.530585,3.01213,5.287255,6.45627,6.135955,6.01143,5.25575,4.629545,5.102585,6.251305
"A0A024RAG6;P02745;X6RLJ0",2.518835,2.739695,3.728925,3.891565,3.61818,2.252625,2.793185,2.74001,2.435725,2.05283,2.63616,2.59182,3.892625,3.69335,3.95149,3.632375,4.496805,3.29649,4.659615,2.99582,3.6146,2.364515,3.81575,4.816555,4.313725,4.81878,4.10161,2.27096,2.903095,4.941705
"A0A024RB87;P61224;E7ESV4;F5H6R7;F5H004;F5GX62;Q9BXV4;A0A0J9YXB3;Q5U0C3;A8KAH9;P62834;A6NIZ1;F5H077;F5GWU8;F5H491;F5H0B7;F5H500;F5H823;B7ZB78;F5GZG1;F5GYB5;B7ZAY2",-0.02603055,-1.170877775,-1.42599,0.3516435,-2.68157,-7.55321,-3.114,0.1353155,-1.8332,-2.19953,-5.365485,-4.9588,0.2955375,-3.53521,-5.253675,-0.213265,-2.836295,-4.59315,-2.74903,-5.38552,-4.846995,-5.887275,-1.626605,0.7457485,-3.59694,1.41445,-2.528045,-6.608605,-5.350235,-3.441195
"B4E397;B4DNS6;B4DV72;Q8N4S1;A0A024RDE1;Q14515;B7ZB68;B4DFZ4",-2.607095,-3.2354625,-6.072655,-2.05904,-2.018755,-6.856625,-2.35984,-3.746245,-2.330115,-3.323035,-2.801455,-5.86233,0.560435,-3.7279,-4.09362,-3.053685,-0.5904085,-5.75652,-1.1032585,-4.613515,-5.00826,-4.989975,-3.798185,-1.417625,0.2367265,-2.88831,-3.25154,-3.599965,-4.28414,-2.77224
"V9HWJ7;Q53FI1;A0A024RDT4;P13796;Q59GX5",-1.77789,-2.606435,-4.309055,-2.931005,-3.19524,-4.932465,-4.48452,-2.51515,-2.047498,-3.201915,-2.843305,-2.484075,-0.32488005,-0.42897117,0.466129,-0.4835515,0.843522,-3.556095,1.0579365,-3.51263,-3.676355,-6.11886,-1.375605,1.41002,-1.033729,-0.4298455,0.0611625,-3.322335,0.25016365,-0.416225
"A0A075B6N8;Q8NF17;Q6N030;Q5EBM2;P01860;Q86TT2",3.321765,3.136945,3.82585,3.46201,4.021635,2.501185,2.509325,4.21307,2.824725,2.676025,4.37721,1.37184,3.861995,2.47089,3.552455,2.583845,2.706225,2.008415,4.53531,0.255982,0.432291,0.798445,2.29956,3.92423,4.563115,3.0651,2.792195,3.1185,2.69967,4.952095
"A0A087WYJ9;A0A075B6N9;A0A1B0GUU9;P01871;P04220",2.1012,2.3567075,1.32574,2.75149,3.18713,1.616285,0.9477865,5.06889,3.38555,3.646295,1.148685,2.1663,1.931085,1.168667,3.5051,2.061875,3.25538,2.164285,5.258725,2.42754,1.555565,2.762215,2.012295,2.447255,3.511045,3.568125,0.5031925,2.09778,0.6149735,3.51911
"A0A087WW89;A0A0F7TAG7;A0A0B4J1Y9",0.74362,1.0133025,0.855434,1.100859,0.5569275,-0.627401,-0.2983705,2.331175,1.201155,0.6990315,1.13237,-2.162815,-0.852056,-3.45598,-0.3317826,-1.399974,-0.065288895,-2.789485,1.971555,-1.53909,-3.823865,-1.602815,-0.086986,0.817945,1.344955,-0.050823665,0.00344805,-0.4635203,0.297473,0.74593
"A0A087WXI2;Q9Y6R7",-2.82534,-2.762915,-4.848915,-5.23411,-5.10431,-4.03243,-6.99562,-4.37722,-4.617465,-5.60069,-2.665245,-2.095255,-4.790265,-4.473705,-2.623485,-4.55722,-3.00683,-6.372195,-0.9304425,-4.01089,-4.05755,-5.382215,-3.55789,-2.669585,1.549685,-2.53587,-6.369625,-5.61994,-2.639625,-4.247965
"A0A087X0I0;A0A140T9L7;A0A140T8Z8;A0A140T9C0;A0A140T8Y3;A0A140TA52;A0A140TA41;P22105;A0A140T902;A0A140TA33;Q6IPK3",-4.820005,-4.37546,-5.6777,-3.889015,-4.056665,-5.904685,-5.717115,-5.01222,-6.2931,-6.27587,-7.088085,-6.285945,-4.61553,-6.121705,-5.59442,-4.759035,-5.348625,-5.666395,-3.4841,-4.777925,-6.81318,-6.77866,-5.14945,-2.338545,-4.209885,-3.127615,-5.018465,-6.392005,-6.95003,-4.776775
"B3KX75;A0A087X0M8;O00533",-5.78761,-5.34559,-6.11626,-3.74435,-3.80006,-4.932325,-4.640135,-3.74289,-4.20934,-4.71022,-5.73945,-4.649715,-4.46704,-4.28526,-3.398235,-4.982015,-2.800155,-6.388085,-3.145055,-6.90902,-5.099955,-5.43283,-4.53123,-3.51438,-0.5661385,-3.639805,-5.30357,-6.00699,-4.06805,-4.0506
"A0A087X1J7;P22352",1.772085,2.2632375,1.887355,2.832455,2.709725,2.12772,2.0509,3.094375,2.431275,1.695945,2.90761,2.593795,3.99752,2.4646,3.931305,3.15437,4.16935,1.39555,5.047565,2.382025,2.3005,1.24872,3.870245,4.332235,4.75067,4.5612,3.41895,2.474625,2.999945,3.539985
"A0A090N7U9;Q99969;C9J8S2",-0.7117215,-1.23618075,-2.08303,-0.673645,-0.24095445,-1.79008,-3.55594,-2.83831,-1.27781,-1.090179,-1.04198,-2.034815,-1.574265,-0.709135,0.28848,-1.73557,0.493912,-3.0032,-0.169011,-3.57825,-3.33822,-4.162655,-4.009775,0.6408875,-1.383075,-0.8013515,-2.494085,-2.43322,-0.428656,-1.2111465
"A0A096LPE2;P35542",4.830365,4.4704875,3.936455,5.0387,5.286745,3.01738,3.52148,5.420235,4.966835,3.528135,4.707035,5.145315,6.044275,5.79127,5.65243,5.82083,5.911075,4.16341,6.79147,3.574495,3.12569,3.087265,5.287825,6.27096,6.09303,6.3482,6.064865,4.588975,5.815685,5.43853
"A0A0A0MRJ7;P12259",1.17124,1.04243525,0.7640825,1.887745,1.929645,0.9106365,0.464968,-0.4607435,1.3503,0.6190495,1.368495,1.4135,2.41286,2.113535,1.883375,1.49645,2.18197,-0.2793045,2.988095,0.04688645,0.186715,-0.9776485,-0.464892,3.347395,2.036375,2.09769,2.62026,-0.440082,2.348065,1.675
"A0A0K0K1J1;P01034",0.1355417,-0.3810589,-0.104714,0.25521,-0.045804,-2.788455,-5.679235,-0.362804,-0.522918,0.14002285,0.5655545,-4.98194,0.6853385,-3.311215,2.08599,0.6940465,3.967325,-1.763585,3.042,-5.498995,-2.99885,-2.832335,0.384533,2.34619,3.08257,2.61041,0.5479039,-0.56545,0.654347,2.670185
"A0A0S2Z3D5;P02649;J9ZVQ3;H0Y7L5;E9PEV4;E7ERP7;Q6LBZ1",6.22294,5.9178125,5.753685,6.387535,6.42645,5.615605,5.578945,6.701185,5.273765,6.44286,5.94379,6.58656,7.613885,6.94835,6.539895,7.439735,6.966355,5.363125,7.563465,3.721745,4.335935,4.053905,7.245635,7.66236,8.813275,7.76683,7.271305,6.204315,5.222735,6.874095
"A8K6C1;A0A0S2Z3F6;P11597;Q5TZS4;B4DMZ5;A0A0S2Z3I8;H3BRJ9",-2.387495,-2.799925,-2.533065,-1.388487,-1.091266,-3.70358,-2.924345,-1.94539,-2.36612,-1.647665,-5.0524,-5.14162,-4.6564,-3.846805,-2.37804,-4.877435,-2.57335,-6.43924,-1.9743,-1.454697,-3.709875,-5.225825,-3.28662,-2.548765,-4.70449,-2.526395,-3.75147,-3.5029,-4.98846,-1.861515
"A0A0S2Z3Y1;Q08380;B4DVE1;B4DWA8;B3KP88;B4DDG4;B4DI70",1.98489,1.899105,1.682675,0.8855665,1.684315,0.382003,1.283255,2.218235,1.28983,0.6161825,1.84303,2.44538,2.181935,2.951505,2.54246,2.129895,2.563735,0.324555,3.157025,3.76621,1.73242,-0.9493165,2.707335,4.303025,0.245423,2.55747,2.76129,0.0903373,3.24446,3.697185
"A0A0S2Z4F1;Q12805;A0A0S2Z3V1;B2R6M6;A8KAJ3;Q59G97;A0A0U1RQV3;B4DWH0;Q53TA7;B3KS53",-1.183305,-1.58098,-1.765585,-0.635804,-0.00168133,-1.41327,-3.18955,-1.59924,-1.19244,-1.050104,-0.8863945,-2.37688,-0.016944,-0.6197835,0.5608735,-0.948877,1.4386,-2.435535,1.054845,-0.630283,-4.42217,-3.14921,-0.815005,0.738877,1.20224,-0.64589,0.22032975,-1.73278,-0.6018025,1.57991
"A0A0S2Z4I5;P27918;E9PAQ1;B3KVK6",2.506715,1.7243265,1.2767,2.603545,1.946765,0.667182,0.3432105,1.0380195,0.6843995,1.89176,1.60469,0.0950205,0.317913,0.2817245,1.452075,0.058656,1.67274,-0.748028,3.435915,-2.00357,-2.1399,-4.24311,1.27316,2.565765,1.584305,2.700285,1.836735,-0.1653867,1.87207,1.571125
"A0A0S2Z4K3;A0A0S2Z4L3;P07225;Q9NSD0;Q16519;G5E9F8;B4E1L6",3.498975,3.198185,2.33056,3.727545,3.981975,1.085366,2.1336,3.074035,2.58512,2.962685,3.34345,2.594365,3.774565,2.97964,3.98273,3.31629,3.18431,1.916635,4.611545,1.62138,1.61245,0.616569,3.37272,4.89568,3.99959,4.58769,3.468775,2.80226,3.595165,3.934915
"A0A0S2Z4Q2;Q15582;Q53GU8;A0A0S2Z4K6;H0Y8L3",-2.343565,-2.6553925,-5.075725,-0.831691,-3.12001,-5.43297,-3.09151,-5.065375,-3.65619,-2.73364,-2.62042,-1.35964,-1.7315,-0.791867,-0.470301,-2.35292,0.357388,-4.458265,-0.525503,-0.77237425,-1.3778,-1.726725,-3.18992,-1.453045,-0.3623035,-0.4478955,-1.154855,-5.10489,-1.163535,0.503184
"A0A0X9UWL5;A0A0X9TDD0;P06312",-0.594263,-0.2621161,-1.994655,-1.38362,-0.5518885,-1.761825,-1.44094,0.379273,0.559953,-1.5191415,-0.5879985,-3.786415,-2.29753,-5.186135,-1.212735,-4.056725,-2.352385,-3.67656,-1.3365555,-1.39808,-5.753245,-2.29328,-3.044035,-1.704895,-0.698235,-2.81387,-5.71794,-1.7259215,-2.743205,-0.3868375
"A0A140VJI7;Q16610;C8CHS3",0.5946485,0.53674425,0.414962,1.34179,1.271955,-0.04898645,-0.38039555,-0.0240741,0.9773445,1.422525,0.8193605,-0.4206485,0.8676275,0.1140624,0.9923835,0.765842,1.475345,-1.56136,2.185075,-0.332136,-2.65958,-2.36994,0.137031,2.65004,2.057865,1.347225,1.15316,0.563372,1.817535,1.791555
"A0A140VJJ6;P02679;C9JEU5;C9JC84;D3DP16;Q7Z664",-0.7528325,-1.70543125,-3.80865,-0.5175695,1.08997,-3.92702,-4.18933,-2.7584,-1.879705,0.259585,3.86983,0.988455,5.09091,4.921405,4.53471,3.64986,4.533065,0.656396,3.70204,1.2352,-0.8707955,-2.509965,1.50703,5.824455,1.417595,3.02191,3.18461,1.26771,5.1696,4.675015
"J3K000;A0A140VJR2;P12955",-3.83005,-4.0159025,-4.252465,-2.60986,-2.225115,-3.859995,-4.479595,-4.85208,-5.2889,-4.94702,-4.90193,-4.58097,-4.070195,-3.30429,-2.746445,-5.18809,-1.730805,-5.30182,-2.14408,-5.42802,-6.274695,-6.137135,-1.77426,-1.933475,-4.23361,-4.198795,-3.709665,-6.001755,-6.411585,-4.869445
"A0A140VK00;P25311;C9JEV0",1.73491,1.2713255,1.1270795,2.663315,1.884485,0.9173175,1.237535,1.17564,0.748413,2.71916,0.9529205,2.2924,2.856045,1.1488585,2.368815,1.846775,3.257255,-5.268825,2.88535,-1.929383,-1.7116875,-5.22114,2.53157,2.953115,3.16438,3.58858,1.72715,0.6529175,1.764175,3.227295
"A0A140VK24;P04180;J3QSE5",1.40769,1.0823105,0.6173865,1.279095,1.431355,0.2446185,0.1818195,0.8919375,0.7998135,0.3352155,0.9041915,0.8735115,0.6231075,0.6363345,0.921605,0.8270525,1.1138,0.357106,1.70005,-1.3521115,-4.17646,-2.62341,0.5109,2.129345,1.0419,1.484685,0.344558,0.479005,0.6922135,1.02318
"A0A140VKF3;P36955",4.63971,4.1636875,3.682385,4.70188,4.27323,3.53446,3.563825,3.706035,4.020525,3.827245,3.77102,3.208275,4.57199,3.97874,5.08725,4.388645,5.549355,3.872755,5.48452,3.580555,3.937775,2.686545,4.233975,5.31336,4.83615,5.05633,5.04018,2.981865,4.27156,5.13384
"A0A182DWH7;P49908;A0A182DWH8",2.37466,1.940005,1.49048,3.05015,2.32608,0.9164075,1.42207,2.33556,2.04069,1.59873,2.12629,2.08212,2.186505,0.95204,1.6602,1.940175,2.320255,0.3235287,3.29473,-0.463215,0.0977345,1.025313,2.165085,2.547925,2.95774,3.30108,2.450185,1.949225,1.175195,1.94682
"A0A1B1CYC5",8.39413,8.26094,7.59453,-4.214,7.41745,6.536745,6.94703,8.24404,7.737735,7.27614,8.301555,6.173275,5.767815,6.427825,6.330015,-4.465715,7.112395,5.58185,-4.445295,-4.942255,4.94585,-5.29142,-4.790085,7.452135,7.04451,7.684385,8.37416,7.52294,7.10377,7.873425
"A0N5G1;P01602",0.08337605,0.922610525,-0.8541645,-0.3991689,-0.1876373,-0.23209,-1.344114,1.289435,1.78246,0.38166585,1.19536,-0.4232655,0.7603135,0.2018365,1.207535,-0.1820105,1.328695,-2.010155,3.30347,-3.502025,-6.50171,-2.27936,-0.8916875,0.6965025,1.582425,0.5271485,-1.26207,-1.0420705,0.299276,1.485885
"A2NB45;B7ZMG8;A0A087X0Q4;A0A087WW87;A2IPI1;A0A075B6P5;P01615;P01614",1.69012,1.3716625,0.8378785,1.26415,2.264455,-0.6531835,-3.38665,1.691875,1.0464,1.332895,1.65909,-2.103835,1.025771,-2.146175,1.45017,0.3117225,1.044952,-5.684815,2.00248,-5.76735,-5.69356,-6.57232,0.700506,1.3956,2.861675,1.352795,0.416799,-0.342698,0.7215885,1.422735
"Q5T985;A2RTY6;P19823;D3DRR6;B4DM79",5.782575,5.766955,5.748895,6.608725,6.593145,5.393555,5.023675,6.166875,5.483035,5.82818,5.571,5.253715,5.73437,4.8837,5.843315,5.498375,5.64984,4.44233,6.20608,4.272565,4.61601,3.52768,5.180425,6.84317,6.106,6.83421,5.60461,3.96275,5.667055,5.60919
"A2VCK8;P62328;Q0P5T0;Q0P5U7;Q0P5Q0;Q0P5P4;Q0P5N8",5.725445,5.0453175,4.467675,6.390675,4.8373,-0.3366185,4.133555,5.569025,3.55448,4.392465,3.04896,-0.112539,2.61136,0.5488155,2.322715,1.690435,1.329655,-3.551905,2.32195,-6.50967,-0.446632,-1.9114,4.133475,4.90831,-2.54773,5.303315,1.92699,1.409195,1.40482,0.415911
"B4DG86;A2VDG3;B4E2Y8;E9PEK4;Q59HE0;P07333",-1.34732,-1.680495,-2.054585,-2.45298,-1.572275,-3.06499,-4.30804,-1.890765,-1.712665,-3.53392,-2.76153,-4.346165,-4.128065,-5.42608,-2.30589,-2.529315,-0.654078,-4.343725,-0.51378,-3.924165,-4.771975,-3.09743,-4.52405,-1.482235,-0.123597,-3.040775,-2.20909,-3.67686,-4.40419,-1.396635
"A3KPE2;B0YIW2;P02656",8.059125,7.5064175,6.94039,7.76533,7.594045,7.443265,6.51606,7.63505,7.64145,7.48156,7.07575,8.769855,8.523005,7.20202,7.208975,8.572005,7.869065,5.722115,8.375075,4.63821,6.36238,5.46872,8.13615,8.730345,9.702775,9.38112,7.925805,6.79377,6.56178,8.478865
"A3RKG7;F5H8B0;B4DPM2;P08709",-3.496575,-3.3901025,-3.746395,-1.40287,-0.3719084,-0.658619,-4.096685,-2.25082,-1.944635,-3.0399,-2.784505,-2.310265,-1.2347495,-2.234795,-1.84932,-0.9623485,-3.129435,-3.73387,-2.23739,-1.64409,-1.70753,-4.2229,-2.25001,-0.547132,-3.061585,-1.51564,-2.02901,-2.578225,-0.779169,-2.06108
"A4D2D2;Q15113",-3.528365,-4.380625,-4.48618,-2.56276,-2.71692,-4.72401,-5.199445,-3.518425,-3.98863,-4.166055,-5.29471,-3.892495,-1.79094,-4.3918,-3.392265,-3.189895,-1.272345,-7.50674,-2.59848,-6.979895,-5.322135,-5.30745,-3.412905,-1.893195,-3.85303,-4.06093,-5.071055,-5.047685,-4.51349,-2.42656
"E9KL36;A6XGL1;P02766;A0A087WT59;A6XMH1;A0A087WV45",7.09583,7.1253625,7.392535,8.22228,7.806495,7.934515,8.7137,8.0224,7.65069,7.698455,7.394495,6.637735,7.175565,5.9126,7.11888,6.789835,7.291245,5.238975,7.83978,6.591535,7.867065,7.35874,7.855565,6.98975,8.1014,8.679385,6.958555,6.930055,6.646045,7.49885
"A6XND1;A6XND0;P17936;B4DP07;B3KVF9;B3KTQ0;B4DN53;Q6ZSD0;H0Y5K2;B3KVY6;B3KTS0;B3KWK7;A6XNC9;B3KRZ1",0.05294631,0.345756905,-0.11907335,1.589305,1.382205,-1.223025,-1.285145,0.454429,0.261261,0.179541,-0.675799,-4.902415,-2.920428,-5.75413,-0.08362835,-0.804539,-3.8235,-4.51353,0.031131,-3.67957,-2.345705,-3.638315,-2.225205,1.370905,-1.190507,1.1506475,-1.23295,-0.337336,-0.8698305,-3.680405
"Q6FHW3;K7ERG9;A6XNE2;P00746",-0.4523795,-0.256829,-1.61035,0.7163515,1.64968,-0.992945,-5.106215,-0.53364755,-0.0733785,-1.3659945,-0.911796,-6.10027,0.819425,-1.2094,1.79774,0.397021,3.390865,-0.34456325,1.270433,0.051532,-1.93518,-6.93529,-2.87855,1.90284,2.014715,-3.05637,-0.6025495,-0.7266935,0.5015195,1.54461
"A8K1K1;J3KRP0;Q96KN2;B4E180",1.506735,1.6673975,1.38882,1.81676,1.88606,0.33486922,-0.3356245,1.54341,0.4250675,0.4753285,1.32913,1.702255,0.8531915,-0.285219,1.1392765,1.60815,0.487377,0.0921208835,2.1514,-1.985195,-0.779381,-1.628332,1.019544,2.959145,0.013800605,2.15562,-0.775391,-0.2829815,0.976612,-0.0692065
"H0YD13;H0YDW7;H0YCV9;H0Y5E4;B4DN59;A8K309;P16070;E9PKC6;H0YDX6;H0YD17;H0Y2P0",-0.416236,-1.167648,-2.62104,-0.788212,-0.2900515,-3.219995,-4.461105,-1.582115,-1.78086,-1.210435,-1.887165,-2.877905,-0.8614545,-3.488165,-0.4175495,-1.36015,0.44361,-3.43367,0.7155305,-4.301345,-5.74777,-4.763355,-3.726405,-0.0837232,1.055697,-1.049125,-1.71677,-2.686745,-1.688065,0.2787145
"G3XAP6;B4DN90;Q53FR6;A8K3I0;P49747;B4DN75",-0.9577175,-1.24342875,-3.540745,-1.927055,-0.7823495,-3.982915,-6.18793,-5.31768,-3.675075,-2.49878,-4.018115,-7.151145,-3.95414,-3.54653,-1.11259,-4.031995,-1.21802,-6.055435,-0.959243,-4.70971,-5.498155,-4.64015,-4.312445,-4.33205,-1.57976,-3.67214,-2.08152,-4.14779,-6.071845,-2.252625
"A8K3K1;P68133;P68032;B7Z6P1;D2JYH4;P63267;P62736;Q13707;B3KW67;Q7Z7J6;A6NL76;B3KUD3;B4DUI8;C9JFL5;F6UVQ4;F6QUT6;B7Z6I1",4.72637,4.03429,3.94515,4.503325,2.37462,0.08192345,3.092305,5.241695,2.468225,1.9493,2.00955,2.076415,4.263885,3.02107,3.122085,4.5516,2.520475,0.4892215,3.454775,-0.6567475,1.29394,-1.31742,4.10464,5.062485,2.631125,5.534355,3.146025,0.8104455,1.91449,2.710935
"V9HWF5;A8K486;P62937;B2RE56;F8WE65;C9J5S7;B4DM82;Q71V99",-2.76897,-2.945415,-2.81778,-2.146365,-3.034905,-3.14662,-1.5801765,-0.9083055,-1.581025,-4.68227,-2.893065,-6.295485,-0.578384,-3.34012,-2.28499,-0.2923475,-2.4095,-5.46647,-1.0399675,-7.751185,-5.26925,-6.80692,0.5165505,0.000923155,-3.265025,-0.3414875,-1.27362,-5.747095,-3.44354,-2.29894
"B2R773;A8K660;Q15848",2.951105,3.049345,3.19758,2.64347,3.17544,3.226205,1.740145,3.16562,3.189635,2.687575,2.68661,0.2078475,3.126385,1.55515,2.357295,2.42098,3.276335,0.35254,3.25974,0.4638745,-1.517885,0.6182125,2.591835,4.431925,5.694065,2.9162,3.09344,1.886355,2.666735,2.92789
"B4DWN1;A8K7T4;Q12907;D6RIU4;D6RDX1;D6RBV2",-3.58346,-3.242825,-3.23848,-2.585585,-2.702935,-4.37914,-4.603945,-2.264755,-3.045125,-3.142985,-3.422955,-3.31899,-2.279535,-2.20566,-2.574585,-2.406535,-1.997445,-4.069035,-2.222285,-3.84764,-5.2425,-3.33006,-4.797735,-1.522935,-2.31658,-2.984705,-2.03049,-3.186685,-2.448535,-1.992455
"B0YJC6;P22891",-1.855235,-1.36089925,-4.696445,-1.527415,0.082284055,-2.74684,-7.28399,-2.815995,-2.182665,-2.42038,-3.943525,-1.62635,-0.7230785,-2.857935,-2.7041,-0.755256,-4.306,-4.514345,-0.2368595,-6.50045,-4.777075,-2.82688,-0.4567645,-2.76815,-0.8314465,1.649835,-0.1897815,-5.88076,-1.43219,-1.87467
"B2R4C5;P61626;F8VV32;A0A0B4J259",0.3714545,0.45309875,-0.0433515,0.4144575,1.21354,-2.444715,-4.32979,-0.394446015,0.107976,0.7288135,0.407095,-0.893242,0.371667595,-1.450936,1.564335,1.143779,3.12825,-0.4460995,2.916705,1.215255,-0.220831865,-1.362175,0.6731305,2.448625,1.105606,2.170165,1.691925,-0.213267,0.6300485,2.84414
"B2R4M6;P06702",-5.05811,-5.3482275,-4.55565,-3.78427,-4.00077,-6.344825,-2.671305,-4.00297,-5.27186,-4.61611,-3.584675,-3.73358,-3.644705,-3.038739,-0.7601685,0.519729,0.5827185,-3.87631,-1.099285,-3.96743,-3.762655,-4.93925,-0.322928,-0.453381,-4.287405,0.408539,0.9344415,-2.59544,-2.935795,-2.35171
"Q0VAS5;B2R4R0;P62805;Q6B823",-4.28252,-3.9869225,-4.276335,-4.563415,-3.604515,-5.39149,-4.290965,-5.028785,-5.24238,-3.925285,-6.97078,-3.2714,0.568382,-2.45012,-2.078195,0.7609735,1.0921795,-4.102665,1.22676,-5.2554,-5.17175,-4.99507,-4.046705,1.19069,-0.35612,1.198945,2.848475,-0.972974,0.07824965,1.41121
"B2R5G8",3.235235,1.8328615,1.619405,2.235525,2.0547,0.29081515,1.87464,2.606285,1.7902,2.2554,2.64255,2.89486,3.7202,3.440145,2.41644,3.781715,1.6080885,1.70111,2.80608,2.754095,1.939562,1.225481,0.601061,4.62473,2.644355,2.846015,3.693365,0.770293,3.35004,2.204725
"B2R888;P08571;F1C4A7;D6RFL4",0.374978,0.4125115,0.9958095,1.94997,1.8826,0.3426618,0.5720895,0.9298675,0.8445015,0.8581185,1.785665,1.73862,1.80946,2.325395,3.468645,2.139505,4.541825,2.367745,3.604765,2.02232,0.8436635,0.437021,0.4143285,3.63116,3.150855,2.36197,2.58227,0.5270715,2.60645,2.81239
"B2R950;P20742",-3.510615,-2.2657815,-0.3411825,-4.01615,2.71379,3.985665,-2.91608,2.129925,1.26614,-4.844405,-4.03241,1.2746,-0.619865,-4.246755,-5.972075,-4.922845,-1.10153,-6.81691,-3.89932,0.581138,-0.91405,-2.23202,1.250805,4.088855,1.976755,-4.95792,-3.179495,-2.119005,-2.21358,-1.212965
"B2RA39;Q9BXR6;Q05CF5",-1.22681,-0.5357375,0.7885135,0.2371377,-0.360323,0.008353,-1.61841,-2.80081,-0.7769085,0.01272725,-0.6094655,1.978255,0.7043265,2.470285,1.69426,0.478806,1.714465,-0.1094478835,1.97182,-1.7654505,-2.261865,-3.85649,0.508003,2.45091,1.332595,2.333345,1.0968805,-0.964356,1.41778,1.93625
"B2RMS9;Q14624;B7Z544;H7C0L5;Q68DH2;B7Z551;Q59FS1",5.829425,5.7625075,5.5268,6.438585,6.72515,5.31869,5.22982,6.12186,5.408655,5.472925,5.991565,5.27162,6.651255,6.17609,7.178095,5.872945,7.98399,5.64711,7.28637,5.54961,5.15929,4.0366,6.580565,7.56037,6.300345,7.234565,6.337865,5.35822,6.64223,6.73072
"B2ZDQ1;X6R8F3;P80188",-3.808315,-2.9829125,-1.92793,-5.01974,-3.33161,-6.342435,-5.389215,-4.549585,-4.783465,-4.752745,-3.29247,-1.8818,-0.069132095,-0.9071635,-1.002607,-3.022735,1.218285,-6.541585,-3.2146,-2.265795,-3.591965,-7.06917,0.0311086,0.1548298,-1.4238,1.45161,0.933836,-2.974395,-0.488574,0.2520605
"B3KNX0;P09871;F8WCZ6;A8K2N0;A0A087X232",4.278325,4.155135,3.832245,4.835375,4.58498,3.11524,3.293895,4.185085,3.891745,4.020875,4.306295,3.39901,4.36064,4.15142,5.016615,4.03341,5.09489,3.60979,5.67492,2.954335,2.49098,2.09776,4.043985,5.79037,4.767185,5.24506,4.31329,3.54048,4.491655,4.733065
"B3KUE5;P55058;Q53H91",-0.12930495,-0.449676975,0.515819,-0.766304,-0.39401165,-2.971655,-3.387835,-2.00747,-1.512815,-3.308555,-1.147975,-3.063015,-1.7920895,-1.64063,-0.6664615,-4.58386,1.071154,-2.966735,-0.154933,-1.3082445,-1.88237,-2.6423,-0.5966095,0.1607715,0.236456,-1.755215,-1.838925,-3.09097,-0.761311,0.76535625
"B4DPQ0;Q53HU9;Q53HT9;A8K5J8;F5H2D0;P00736;B4E1B0",3.699565,3.703665,3.4257,4.43441,4.43493,2.961955,2.84745,3.676095,3.221785,3.5602,4.092685,2.911605,4.030105,4.025335,4.78075,3.418835,5.25731,3.38119,4.798115,3.3179,2.78493,1.710805,3.68061,5.471135,4.478865,5.1944,4.045505,2.805385,4.35886,4.304015
"B4E1C4;E7END6;B4DPQ3;P04070;B4DPC8",-0.02131465,0.227238925,-0.221015695,1.16313,1.17663,0.188138,1.0018285,-0.5353695,0.2460975,0.19238255,0.713008,0.21138,1.134031,0.5307795,1.46068,0.9192785,-0.9935685,-2.320185,1.460165,-0.4956115,-0.4782305,-2.5851,1.50962,2.369145,1.74063,2.494385,0.6260225,-0.124575,0.7036405,1.09819
"B4DTY9;H3BM21;L7UUZ7;P05106;Q2YFE1;I3L4X8;L7UW06",-1.972725,-3.818145,-4.45993,-1.989545,-1.1532585,-0.7225065,-2.78167,-1.370245,-1.559705,-3.945985,-1.0928655,-6.65746,-1.78109,-6.35878,-1.954195,-2.368905,-1.67635,-7.49962,-1.75565,-5.332845,-2.793555,-2.87171,-1.073239,-0.137473,-4.16184,-2.411365,-2.301825,-2.28351,-2.38402,-0.972239
"B4E0X1;P61769;H0YLF3;F5H6I0;A6XND9;A6XMH4;A6XMH5",1.273055,1.25874,0.6498665,0.6826045,1.588335,-0.829812,-3.1502855,0.757402,1.05245,0.449028,3.00848,-0.612595,2.92405,1.652145,2.530015,3.00519,5.39465,1.103464,3.641465,-0.5854765,-1.343075,-1.384785,0.06280255,4.71553,2.71224,2.67832,2.237615,1.960335,3.282135,4.93719
"B4E1B2",3.76506,3.8873425,3.21313,4.3598,4.14612,3.19322,2.26684,3.95617,3.302865,3.701495,3.557135,2.572725,3.250155,2.356705,3.336205,3.50946,3.70306,1.913815,4.4033,0.596464,0.690262,1.17145,2.69611,4.23717,3.41537,4.166275,3.4056,2.52409,3.695715,3.51733
"B4E1C2;P01042",5.74503,5.5977725,5.44099,6.57082,6.472975,5.612095,4.91452,5.41223,5.462035,5.703235,5.79913,5.30149,5.71907,5.210775,5.96859,5.527185,6.55959,4.427685,6.362605,4.21587,4.15276,3.12762,6.1182,6.812805,6.32454,6.562805,5.82732,4.62459,5.95913,6.05528
"B4E1D8",6.131255,6.00632,5.01564,6.236065,6.446165,4.55105,4.334605,5.732095,5.53726,5.532545,5.93519,5.571365,6.791175,6.44793,7.34917,6.347905,6.76337,5.281725,7.25124,4.31724,4.02378,2.124785,5.997685,7.85646,6.616855,7.531925,6.69151,5.385375,6.441815,6.987515
"B4E1Z4;P00751",6.383625,6.100795,5.18867,6.135135,6.101595,4.86479,5.16602,5.884725,5.632905,5.437385,6.13632,5.06528,6.210065,6.026335,6.17961,5.876005,7.15894,4.748085,7.20042,4.078735,4.53742,3.50388,5.592665,7.61528,5.07968,6.52099,6.596605,5.26557,6.637835,6.59294
"B4E367;Q6UX71",-4.30691,-4.97948,-6.06181,-2.529045,-2.312335,-4.92624,-6.54891,-3.48387,-3.85831,-5.56182,-4.98697,-6.10982,-2.995135,-6.018645,-3.49773,-3.7366,-2.78327,-5.748925,-2.618185,-3.89556,-6.993435,-6.069305,-4.687895,-2.793475,-0.336631,-3.89319,-3.19661,-5.506315,-4.17204,-1.835415
"B7Z1F8",6.97423,6.5118975,5.71045,6.980105,7.571755,5.52656,5.0317,6.62249,6.16031,6.59668,6.90533,5.179965,7.17908,7.009235,7.600765,6.132855,8.96259,5.48264,8.651055,6.30465,4.852515,2.279245,6.97087,8.841595,7.52664,7.29097,7.946225,6.002115,7.227165,7.82551
"B7Z550;B7ZA94;B7Z555;P07358;A8K9M5",3.460245,3.33648,2.826655,4.116305,3.61585,2.27657,3.06146,4.073465,3.261535,3.5711,3.683735,2.8436,3.692765,3.286285,4.34299,3.381355,4.928925,2.41667,4.99894,0.8760195,1.2375,0.509348,2.72492,5.575465,2.60359,4.19276,3.114655,2.482075,4.341135,4.38499
"B7Z8A2;Q9UHG3;Q584P1;B7Z3Y2;F8W8W4",-1.56226,-2.695265,-2.52849,0.099905,-0.2923195,-1.8189,-3.1966,-1.54005,-1.496475,-3.448595,-5.872285,-1.78882,-2.303565,-4.528825,-4.90758,-3.28754,-3.56176,-5.611555,-1.31948,-5.155225,-3.13139,-2.68976,-2.29008,-1.55616,-0.8165805,-2.85334,-2.104685,-4.07032,-3.786125,-3.03153
"C9JV77;B7Z8Q2;P02765",8.485915,8.1867925,7.17932,7.725935,8.591845,7.6838,6.60325,8.29012,7.88699,8.01188,7.74788,5.32593,6.494855,5.297005,7.191595,6.485255,6.708805,4.80594,7.75643,5.422765,4.892365,5.821515,5.96053,8.099905,6.43916,7.105085,7.236885,7.14066,7.2234,7.434255
"B7Z9B1;P55290",-4.93765,-4.97516,-5.766055,-4.54427,-4.727265,-6.324565,-5.832705,-4.97395,-4.96592,-5.72951,-5.534345,-6.730755,-4.418125,-4.26476,-4.688995,-5.272205,-5.12353,-5.477075,-2.86728,-5.51187,-4.854035,-5.84063,-2.9451,-3.764915,-2.48905,-4.66636,-4.037685,-5.5659,-4.821145,-4.509
"B7ZKX2;P59923",-1.923255,-2.8133575,-1.2673375,0.135275,-0.243705,-5.074455,-1.966443,-0.8506875,-1.786845,-1.516545,-1.52229,-2.133205,-0.197224,-0.7107955,-0.463224,-0.2455045,0.5446065,-1.144763,-0.12533676,-0.3246365,-1.2318475,-3.560685,-0.63213555,1.16069,-0.0332315,0.1297257,-0.410797,-0.744978,-0.02412365,0.3896435
"C0JYY2;P04114;E1A689",5.75552,5.4235775,4.373465,6.639465,6.172405,5.51596,5.342485,5.313875,5.246965,5.79336,5.048995,5.382385,6.2224,5.53802,5.72559,5.891765,5.68788,3.661695,6.737385,3.197255,5.47277,3.58217,5.767395,6.628435,7.277795,5.738615,5.52362,5.09347,5.661015,5.426355
"C9JF17;P05090",5.991065,5.66772,5.51416,6.4766,5.876325,4.753225,5.56749,5.929645,5.51036,5.19545,5.51144,4.49421,6.20606,5.81242,5.75279,5.957425,6.526535,2.781325,6.95628,2.137025,1.023967,0.973006,6.441165,6.34214,8.39873,5.802605,6.46485,5.58303,5.21435,6.52655
"D0PNI1;P63104;E7EX29;E7ESK7;B0AZS6",1.515205,0.5810525,0.5252935,1.47634,-0.4913475,-4.316105,-0.247604,1.5926,-0.3431005,-0.2925154,-1.386345,-2.49167,0.327339,-1.0482845,-0.7893525,0.6212165,-0.702967,-6.31116,-0.118973,-6.90995,-6.17294,-5.321455,-0.1300795,2.034275,-0.771395,2.0637,-0.02498955,-4.63342,-2.591335,-1.94062
"D1MGQ2;P69905;G3V1N2;A0A0K2BMD8;U6A216;E9M4D4;I1VZV6;Q96T46;P78461;Q4ZGM8;E1B2D1;V9H1D9;Q86YL2;Q6J1Z9;Q9NQT3;Q9BX83",-0.882635,-2.7211175,-6.316345,-3.72818,-1.271485,-5.94818,-0.1769107,-5.290195,-4.371085,-1.81099,-2.928825,-2.465685,4.707145,-4.20108,0.21565555,-0.0819435,1.46878,-7.015515,2.560405,-4.57969,-5.58628,-5.94912,4.909805,0.947045,1.0211745,2.416895,4.961705,-0.6384235,4.28527,3.638265
"D3DNN4;P06276;A0A024CIM4;F8WF14;F8WEX7",0.394399,0.10012325,-0.0800654275,0.686533,0.4301385,-0.802904,-0.0311694,0.54977,0.2649285,0.2294335,0.58373,-0.816406,-0.166741,-0.724351,0.3859925,0.1116576,-0.380404055,-0.9832885,0.9146795,-1.273648,-0.219757,-0.508696,0.43251555,-0.5326375,-1.52125,0.0099387,0.01410435,-0.7221885,0.234116,-1.569975
"D3DPU2;B4DNW7;B4DI38;B2RDY9;B4DNY3;Q01518;B4DNA3;B4DUZ8",-1.11695,-2.4341025,-3.582165,-2.96489,-5.021095,-4.806455,-2.06499,-1.64824,-2.150675,-3.788965,-4.32629,-6.81359,-2.15554,-5.206135,-3.396915,-2.76949,-5.374435,-6.651255,-2.92093,-4.75128,-6.437285,-5.824525,-2.916005,-1.543295,-5.85885,-0.451553,-2.21134,-7.675815,-5.09908,-5.97525
"D3DQH8;P09486;B2RDL6;B4DRV4;F5GY03",-1.31899,-2.3273025,-2.786615,-2.33752,-3.06366,-5.83835,-2.273945,-4.097605,-2.832105,-1.503,-5.60514,-6.27632,-4.203815,-4.31798,-1.5475,-4.323705,-4.201305,-7.120285,-2.397825,-5.02307,-3.722625,-6.56387,-0.25656455,-1.92582,-3.356115,-0.0025077,-2.40317,-6.41522,-1.984275,-4.11023
"D3DQX7",1.823795,0.1863,-1.4020615,2.37253,1.1199695,-1.171015,-3.000915,1.5011,1.0890447,2.871155,4.65241,4.2466,7.750285,8.17801,9.93674,7.51717,9.573075,8.09994,8.041235,1.975915,1.758735,1.76574,2.63393,9.780955,3.15552,8.93962,6.115575,1.542355,7.74128,7.56283
"D3JV41;P02775;D3JV43;D3JV42",3.962645,3.66867,3.924215,4.41946,2.98591,1.76203,4.329085,4.661725,4.202635,4.2975,2.489385,2.72061,3.97426,2.333025,3.762315,3.70797,1.8185,1.73309,3.56608,1.96221,3.02847,0.7255955,4.888875,4.608815,1.843775,5.80059,4.550435,2.120505,3.64795,2.31036
"D9IWP9;P02749",7.162705,6.8885925,6.19972,7.846935,7.44075,6.222355,6.376155,5.52845,6.2159,5.77846,5.93575,5.69428,6.62299,5.85042,7.176405,5.98569,7.46749,4.915115,6.35431,6.191535,5.053885,4.78782,6.22648,7.50732,7.248205,7.631095,6.44689,5.52518,6.45113,6.75919
"D9YZU5;P68871;C8C504;Q9UK54;Q14473;Q6V0K9;Q52MT0;Q0Z944;E9NGZ5;B3VL05;Q9BWV6;Q9GZL9;B3VL86;Q3Y9I8;Q8IUL9;Q4TWB7;A0A1B4WRL5;Q4TZM4;Q4JLR8;B2M1S6;A1YZ08;Q9BWU5;Q8IZI0;Q3LR79;B3VL31",-0.901241,-2.172463,-5.295785,-4.14988,-2.624705,-2.143835,0.4208875,-2.94974,-4.391795,-2.233095,-3.12532,-1.617125,4.855835,-1.55361,0.2296655,0.03412405,0.9412015,-3.712865,1.862355,-7.19528,-5.91533,-7.04238,5.48374,0.07234945,0.41658,2.32306,5.55158,-1.37272,4.4296,3.660815
"D9ZGG2;P04004;J7HH10",6.49347,6.31088,5.863955,6.515535,6.70159,5.903875,5.24611,6.55528,5.90096,5.58214,6.32201,5.611095,6.44779,6.010845,6.788565,6.826005,7.22537,5.51716,7.61969,5.513955,5.099295,4.02359,6.264535,7.675695,6.5503,7.48381,6.67188,5.63161,6.633145,6.780115
"E9KL23;P01009",4.06563,4.3018425,4.845245,4.26915,4.70546,4.94532,3.99103,6.456135,3.898535,4.863505,4.18197,3.6189,6.24464,5.411645,6.30247,4.672645,6.780395,4.248305,6.450355,5.348665,4.33345,4.19147,5.68892,6.26119,4.981315,6.283905,5.248585,3.5021,5.286335,5.907855
"E9KL26;P05155;E9PGN7;H9KV48;Q5UGI6",6.53842,6.1013575,5.620315,6.71672,6.718365,5.052825,5.40611,5.89649,5.810455,5.614305,6.78729,5.891155,7.4866,6.67355,7.2639,7.3721,8.073015,5.974895,8.113095,6.87167,6.064195,4.38807,7.253355,8.326465,8.03285,7.560215,7.33078,5.78946,6.96134,7.1787
"E9PP50;V9HWI5;P23528;G3V1A4;E9PK25;E9PQB7;B4E112;E9PLJ3;E9PS23",1.39752,0.95771,0.547826,1.398935,-0.784073,-5.29381,-0.6139106,1.388185,0.021409965,-1.51542,-1.27193,-1.15079,1.269285,-0.5370935,-0.2559459,0.8388115,-2.01098,-3.65523,0.5990775,-2.45605,-1.718615,-6.259925,1.143275,2.1482,-1.429775,3.05809,1.051385,-3.46755,-1.77593,-0.0028985
"F2RM37;P00740;F2RM35",1.494,1.4888275,0.9579505,2.572475,2.28402,1.062767,1.055075,1.840325,1.450635,1.19397,1.2313,2.26096,3.01488,2.385385,3.0832,2.38193,2.86691,0.968408,3.886635,0.224415,0.00067234,-1.178535,2.353775,4.02778,3.057645,3.53617,2.63926,1.525065,2.299415,3.078955
"F8VYK9;P24592",-3.075995,-3.155185,-4.19116,-1.507515,-1.643175,-6.3546,-5.05683,-3.939215,-4.69866,-3.514175,-1.908645,-4.88379,-0.494837,-1.745175,-1.4285995,-0.8209115,0.833882,-3.34954,-0.1460475,-5.402165,-6.147605,-6.96429,-3.637315,-1.3273,0.1351825,-3.12019,-0.798594,-1.805635,-3.542945,-0.5680975
"Q53GN8;G3XAK1;P26927",-1.145335,-1.51215,-1.49842,0.7256925,-2.766835,-2.287135,-2.15941,-0.7241445,-1.176925,-1.687845,-0.8302895,-1.971445,0.782076,-0.82904,0.438193,0.0189975,1.150595,-2.763055,0.873295,-1.433235,-2.192625,-4.188655,-1.00067,1.21235,-0.6719655,0.565018,-0.9638435,-1.239735,-1.01781,-0.5444245
"H0Y755;M9MML0;P08637;Q9UN20",-4.189315,-3.632845,-2.465455,-2.60847,0.19903255,-5.400695,-5.38839,-0.9966235,-1.46428,-1.179425,-5.037015,-3.58113,-0.740614,-0.9963814,0.205091,-0.951753,1.183275,-2.29161,-1.554312,-2.382305,-3.634865,-3.579855,-2.178538,-1.305035,0.1625415,-0.581347,-0.271092,-2.684425,-3.501695,-0.4339115
"H0YAC1;P03952;A8K9A9;E9PBC5;B4DMX2",3.123685,2.8891825,2.996,4.08571,3.953595,2.85482,2.39063,3.369305,3.09171,3.02237,2.979185,2.752485,2.546865,2.321735,3.038825,2.753555,3.34131,1.82336,4.007695,1.33614,1.75995,1.742635,2.47614,3.485495,3.442645,3.86724,2.595195,1.39508,2.922825,2.98175
"I3L145;P04278;I3L1J1;B4DYU0;A0A0C4DGN2;I3L2X4;I3L4B9;I3L2F1;B0FWH6;B0FWH5",-0.912728,-0.198025,0.4489735,0.3609468,1.413985,3.426375,1.09356,0.4995455,1.49184,-0.263377,-2.88781,-1.739835,0.31067435,1.189669,-0.01928,-1.189138,1.35454,-0.392894385,-0.011739,2.3123,0.6507645,1.591005,-1.97968,1.556155,1.37292,-2.85022,-0.8570645,-1.451475,-1.36844,1.25559
"J3KPA1;P54108;B4E1S8;I3L0A1",-1.120235,-0.81276275,-1.442188,-0.719608,-0.2900565,-3.305505,-2.578045,-0.4106385,-1.377755,-1.372595,-1.1586575,-0.9403875,-2.340405,-3.70118,-0.1161177,-2.561155,-0.75773,-7.185445,-1.0872875,-5.808065,-6.99931,-5.63931,-1.968295,-0.33808,-0.580947,0.501696,-3.86035,-4.11132,-2.194155,-0.19909515
"K7ER74;A0A024R0T9;A0A0S2Z3C2;P02655",5.416785,4.56861,3.786865,4.95583,6.02159,4.53528,4.18613,5.24158,4.459285,5.889165,3.80473,6.01096,6.097395,5.534,4.82499,5.227475,5.357245,3.183685,5.147195,4.064415,6.27351,4.29671,5.698365,5.504415,6.779485,6.39187,4.74463,3.298975,3.55716,5.36023
"O00187",-0.6775045,-1.48423725,-1.70765,-2.624775,-2.212795,-1.527035,-4.580315,-1.931945,-1.739065,-1.566795,-1.357265,-4.594265,-0.677093,-0.423025,0.3558075,0.0706418,0.0722975,-2.62992,1.0075335,-3.533255,-4.656585,-6.43032,-0.07753335,1.02698,-0.0692729,0.3149295,0.1369995,-1.71951,-0.4963565,-0.4889855
"O00391;A0A140VKE5;A8K477;A8K4C2;Q13876",-1.062547,-1.432161,-2.17227,-2.022655,-0.809333,-4.278375,-3.963585,-1.64411,-1.276725,-2.061905,-1.297915,-0.9573045,-0.1801916,-1.94809,-1.038375,-1.192575,0.2350194,-5.10844,0.530648,-3.01708,-5.81488,-5.793855,-0.3894904,-0.3461485,0.17412655,1.122575,-0.3607535,-2.280025,-1.739915,0.895368
"O43866",-1.939155,-1.101109,-1.278209,-0.1365715,-1.376905,-2.70154,-3.335805,0.380569,-0.6762305,-1.223758,-1.12875,-4.274835,-0.157537,-0.25225833,0.6827295,-1.55061,2.083495,-1.701825,0.5147425,-0.909147,-1.5732,-1.490205,-2.675985,-1.765315,-1.3784395,-1.2150325,-3.644425,-3.87391,-3.26026,3.416505
"O75594",-4.197395,-4.15988,-4.977255,-4.91934,-3.60467,-6.58247,-5.592685,-2.745445,-4.814555,-4.74354,-4.56112,-4.551035,-1.49136,-3.08315,-1.919125,-4.07942,-0.5602015,-5.31364,-2.55429,-5.43767,-5.501695,-7.188875,-1.93157,-2.48397,-2.5845,0.263654,-1.399635,-6.45336,-2.6075,-1.94114
"O75636;Q6UXM4;Q6UY50",2.66503,1.3762312,0.7698305,3.258905,2.752635,-0.4904575,1.862595,1.0069415,2.080465,1.893285,1.835535,-0.565156,3.092815,2.567175,4.41501,3.05091,2.878005,2.45121,4.569645,2.93392,1.414316,0.65205995,2.95391,4.506135,3.456305,3.898105,3.73923,1.760265,3.786055,2.95587
"O75882;B4DZ36",1.087605,0.79996675,0.351513,1.368015,1.733995,0.4941195,0.249069,0.7572235,0.7566165,0.82202,0.5325775,0.0185976,0.3992975,0.1479075,0.8837105,0.13173355,0.9510645,-1.06888,1.472305,-1.449235,-2.0185,-2.246585,0.533134,1.849455,1.606095,1.239415,1.086805,-0.1911606,0.8184095,1.0131815
"O95445;Q5SRP5",4.37469,4.1521425,3.84092,5.07959,4.903525,3.717235,3.20516,4.73079,4.22772,3.69474,3.27024,3.32603,4.6346,3.51799,3.763445,4.58529,3.292915,2.204855,4.5237,1.881295,2.65329,2.62692,2.4023,5.166245,5.306745,4.42813,3.33307,3.81959,4.09224,3.78671
"P00488;B2R6V9",1.087927,0.52926625,-0.126719,1.59446,1.246145,-0.38032445,-0.27628075,1.11172,0.4812995,0.7628915,0.234686,-3.187915,0.9075135,-1.319856,-0.0352275,0.428701,-0.661842,-1.397295,0.2519865,-0.762147,0.11477655,-1.040596,-1.077996,2.07991,0.5039585,0.715156,-0.371494,-0.408072,0.10182985,0.00952749999999999
"P00734;B4DDT3;E9PIT3;Q69EZ8",6.13689,5.913765,5.268675,6.677245,6.6672,5.516165,5.180825,5.887325,5.576015,5.82001,6.155475,5.15009,6.4057,5.640925,6.709095,6.10046,5.81878,5.35496,7.005945,5.346075,5.45697,4.265135,6.58681,7.234195,6.895845,6.77773,6.306815,5.30759,6.43428,6.36264
"P00738;J3QR68;H0Y300;A0A0C4DGL8;J3QLC9;Q6NSB4;A0A087WU08;Q6PEJ8",1.877775,2.1394075,0.464825,2.591085,2.982475,0.611779,-0.287312,2.11237,1.55903,1.95875,4.44308,4.84953,7.153575,6.146955,7.58374,5.83434,7.388885,5.64969,4.627495,2.005565,1.421365,-1.37541,6.64857,7.1713,5.49259,7.818245,6.16464,1.6243,7.744965,5.811955
"P00739;A0A0A0MRD9",-3.71981,-4.235825,-4.203305,-0.6046705,0.094712445,-1.2914,-5.93063,-4.26954,-4.061715,-4.1733,-5.026745,-2.44256,-0.9607,-1.47463,0.1558454,1.00195,1.84944,-2.44222,-2.180375,-4.66037,-1.837415,-5.686705,-4.69007,2.007315,0.7679205,-1.1116235,-3.12995,-1.832675,-0.147307,-1.0577225
"Q5JVE7;P00742",-0.0439365,0.13460775,-0.1767565,1.2957555,0.597938,-1.31439,-0.1489626,0.435662,-0.751462,-0.0234609,0.10383425,0.509676,0.740493,0.783782,1.884855,0.75064,0.010527155,-0.64975,1.75893,-1.65276,-1.143505,-1.74232,1.37116,1.68461,1.608475,2.62741,1.13971,-0.2955364,-0.0350685,1.321945
"P00747;B2R7F8;B4DPH4",6.413645,6.38363,6.00631,6.891305,6.707925,6.029315,5.366865,6.298525,5.992405,6.182635,6.42271,6.05763,6.3188,5.80275,6.662645,6.301675,6.57932,5.202645,7.474485,4.26405,5.074505,4.377965,6.35354,7.554035,6.24274,6.96927,6.58705,5.436295,6.860475,6.26612
"V9HWE3;P00915;E5RHP7;E5RH81;E5RIF9;E5RG43;E5RFE7;E5RFL2",-0.655526,-2.3057205,-6.366455,-5.12049,-3.261695,-4.167425,-0.570456,-4.51675,-4.76135,-3.43407,-5.811465,-3.415715,3.151465,-4.01151,-1.702715,-2.23999,-1.241555,-7.442375,-0.2598845,-6.32569,-5.564265,-5.911565,2.89317,-1.26675,1.964895,0.585439,4.869585,-1.94525,1.62612,2.56444
"P01023",0.6839715,1.12649575,1.013008,1.1179065,1.81206,2.070925,0.9533195,1.764825,1.39255,3.13381,3.20146,0.9465685,1.5166,1.389765,1.72751,-0.6665785,3.070465,-0.135586115,2.975235,0.263834,-0.407338,1.032543,1.507875,2.794855,2.405575,1.330885,2.935675,0.3518625,0.7943585,3.570485
"V9HWA9;P01024;B4E216",8.496355,8.0563325,7.22017,8.6045,8.45681,7.35402,7.16411,8.31534,7.6175,7.548125,8.18701,7.35166,8.658095,7.89242,8.99093,8.16722,8.836315,7.030685,9.383735,6.78002,6.851915,5.43488,8.492275,9.38823,8.55222,9.02167,8.55395,7.54948,8.860575,8.51205
"P01031;Q59GS8",3.804635,3.525715,3.330625,3.93007,4.283205,2.702825,3.385375,3.953255,3.194005,3.33989,3.763785,4.12653,4.531175,4.151705,4.90323,4.325125,4.561975,3.013935,5.36049,2.608205,3.51058,1.761735,4.11445,5.335585,4.767335,5.07333,4.140305,3.258435,4.539435,4.109675
"V9GYM3;P02652;V9GYG9;V9GYE3;V9GYC1;V9GYS1",9.089855,8.6068825,7.85927,9.40413,9.04918,8.604295,7.787965,8.58962,8.030445,8.16145,8.031665,7.46862,8.094055,7.50759,7.706315,8.60481,8.784225,7.84679,7.73882,8.482805,8.059815,7.99091,7.642805,9.1609,8.962155,8.01452,8.686625,7.911825,8.390745,7.613515
"P02671;A0A0S2Z3E8",0.3108595,0.44493075,0.6763825,0.4187795,1.105685,2.820695,3.07291,-0.7023275,3.135275,4.303485,3.586635,2.1062,4.968975,4.625385,4.11069,3.59345,4.535815,0.868113,4.71539,0.64014735,-0.2251785,2.361485,3.07059,5.77335,1.73217,4.674385,3.98565,1.848225,5.32871,5.10003
"V9HVY1;P02675;B4E1D3;D3DP13;D6REL8",-1.237099,-2.360457,-5.15261,-1.846264,0.21249595,-3.44302,-5.02215,-3.63626,-1.72647,-0.04202,3.445525,0.322175,4.95517,4.549415,3.86635,3.28751,3.708335,0.0329127,3.0366,-1.0226555,-4.277905,-5.600405,1.224095,5.82274,0.9903905,2.58427,3.278125,0.9506525,4.980505,4.406835
"P02741;Q5VVP7",-1.125252,-3.2797185,-4.88196,-1.0517255,1.1226765,-0.7206905,-4.392095,-5.946265,-5.42597,-4.2108,-0.23909975,0.169513,6.867595,6.84529,7.026405,2.684305,8.47654,5.3733,6.457265,4.23366,-1.196625,-4.89187,4.06473,7.947285,3.504775,6.86693,4.428845,-0.9070005,6.83678,6.59554
"V9HWP0;P02743",5.29173,4.661025,3.048105,5.30567,4.905205,3.84667,4.283135,5.50067,4.89341,5.70448,5.149985,4.94365,6.821205,5.746015,5.675375,6.85718,6.44846,3.52822,7.437965,3.72402,3.429305,0.879095,6.006195,7.314065,4.16737,7.42434,6.315025,5.91254,6.306725,6.456
"Q5VY30;P02753",6.17193,5.622335,5.152155,6.420425,5.95413,5.46864,5.673895,6.46362,5.37643,5.993535,5.252405,5.252725,5.304125,4.483665,5.242905,5.47187,5.865485,2.458135,6.055125,2.57911,4.015425,3.83174,5.58102,5.582595,5.639175,7.253695,5.43681,5.743915,4.250515,6.129895
"P02760;B7Z8R6;S4R3Y4",5.89504,5.8242725,5.68453,6.74203,6.46947,5.42098,5.644135,5.82249,5.165535,5.94966,5.66808,4.723465,5.57519,5.24571,6.31009,5.37447,6.958875,4.62662,6.50805,4.91299,4.93576,3.668535,5.57859,7.010445,5.94919,6.6681,5.938705,4.330375,5.748215,6.0873
"V9HWF6;P02763",2.082665,1.34047025,-0.00713015,2.224725,1.99727,0.674174,1.29768,1.824755,2.24268,0.63202,2.850295,1.57933,3.044225,3.937085,5.543145,2.45601,7.47503,2.871595,3.654485,3.072725,2.03493,-0.079025,4.881365,5.37552,1.57105,5.42081,4.940365,0.7333,4.95352,5.19802
"V9HWI6;P02774",7.563015,7.399585,7.05478,7.978855,7.69805,7.471735,6.91233,7.734215,7.33354,7.281395,7.647545,6.5793,7.36361,7.10535,8.040795,7.274305,7.96429,6.44371,8.244225,6.192885,5.948805,5.214565,7.34043,8.3973,7.20088,7.976935,7.84849,6.96131,7.84816,7.95954
"P02776",4.819125,4.7160375,4.59987,5.32751,4.984515,2.83453,4.42807,4.852265,4.114325,4.74143,3.762515,2.98409,4.986485,2.78722,5.33077,3.822435,3.34514,2.359845,5.474055,2.80752,3.38737,1.117996,5.672805,5.12126,3.185505,5.702635,5.83111,1.996,4.29679,3.878395
"P02790;Q9BS19",8.797695,8.6510275,8.236145,9.20267,9.302335,8.571965,8.272885,8.92792,8.485935,8.345575,8.5245,8.26528,8.65154,8.524375,9.594475,9.161605,10.08225,8.32565,10.09165,8.218555,7.74675,7.245835,8.7185,9.88239,9.99091,9.837185,9.29407,8.10969,8.84726,9.284155
"P03951",-1.334355,-0.98973325,-0.6405855,0.4307305,0.2281155,-1.42956,-1.814835,-0.8498775,-0.999392,-0.829533,0.03028585,1.053171,0.711841,-0.0364705,0.820371,-0.247348,1.439735,-1.33362,1.261535,-2.998365,-2.318355,-2.490945,-0.379775695,1.568955,-0.30878455,0.8726155,-0.777496,-1.381885,0.196998,0.059343825
"V9HWN7;P04075;J3KPS3;H3BQN4;H3BPS8;A0A0M4FNU3;H3BUH7;H3BR04",-0.2015925,-1.62133875,-3.093195,-0.8306455,-3.102935,-6.462765,-1.0393515,-0.4493805,-1.581155,-1.45218,-3.593615,-5.11815,0.0586199,-1.95287,-1.76401,-0.8918385,-1.566955,-3.931405,-0.26190474,-5.83261,-4.35524,-5.53627,-2.43752,0.1420011,-1.556615,0.5965065,-0.6682445,-4.325435,-4.08633,-1.488875
"V9HWD8;P04217;M0R009;B3KP79",7.06365,6.92661,6.043585,7.635545,7.946075,6.88223,6.108025,7.36896,6.918305,6.665305,7.13667,6.00753,7.114345,6.982105,7.582015,6.88109,8.17177,6.60319,8.040845,7.397005,6.53565,5.95245,7.3307,8.565515,7.250355,7.881465,7.33891,6.47898,7.379425,7.71892
"V9HVZ4;P04406;Q2TSD0;E7EUT5;Q0QET7;A4UCT1",0.441754,-0.523773,0.172727,0.843907,-0.46797655,-5.39553,-3.719535,0.9365875,-1.69428,-5.14819,-1.895515,-2.877065,1.352285,-1.50321,-0.352553,0.607471,-0.973016,-4.149685,0.2658072,-5.819335,-4.0953575,-6.28271,0.5404,1.409355,-1.237389,2.43905,0.855067,-2.69131,-1.07549,-0.9691755
"P05109",-4.822085,-4.7050425,-3.8121,-3.781835,-4.35513,1.301165,-0.8715375,-5.208255,-6.389025,-5.22476,-3.016585,-4.888265,-0.46554,-2.85854,-0.8975385,1.104265,1.87955,-5.36905,0.6045435,-1.962945,-5.15578,-5.38038,3.08038,-0.08977415,0.26161685,0.772446,1.44761,-3.74952,-2.00108,0.2149749
"P05160",2.17014,1.71181,0.5793455,2.502715,2.1527,1.19871,0.3889745,1.8531,1.440795,2.063495,1.22712,-0.0109275,2.039415,1.1148675,1.997005,2.01795,1.86902,-0.263103,2.166235,-0.9003365,-0.3036405,-1.0073825,1.0335215,3.040355,2.630905,1.956665,1.59506,0.451648,1.093665,1.91806
"P05164",-4.109645,-4.271535,-4.19883,-3.9232,-4.704595,-5.908865,-6.76463,-4.577935,-5.34698,-7.770055,-6.00614,-5.635905,-0.26836435,-2.50157,-2.071995,-3.919685,-0.3249755,-5.809075,-0.9423185,-7.320245,-7.30343,-4.76763,-0.654412,-1.141125,-3.46393,0.7920615,-0.66105,-4.896605,-2.61664,-1.068336
"P05543",3.11567,3.19631,1.968425,2.814755,3.40326,2.05759,3.238845,3.542245,2.81305,2.401035,3.092715,2.018475,2.173635,2.740685,2.621255,2.04693,3.04834,0.398868145,3.843775,1.40175,0.28352335,0.3083625,1.304319,4.411455,2.424135,2.24591,3.65939,2.78353,2.80159,3.146675
"P05546;Q8IVC0",4.35493,4.309695,3.6494,5.57702,5.619035,4.710015,4.0816,5.064835,4.60765,4.46011,4.917065,4.28579,5.11562,4.3496,5.309285,5.20011,4.933315,3.67916,5.156925,3.511945,3.63897,3.2139,5.04985,5.95509,4.8174,5.9805,4.886085,3.788865,5.173235,4.87354
"P06396",5.514085,5.16186,4.42277,5.76117,5.6565,4.47698,4.38844,5.20921,5.17808,4.677815,4.5805,2.947995,4.97743,4.005145,4.55109,4.50823,4.82454,3.19685,5.87569,2.12214,2.388475,2.41858,4.73956,5.303385,5.66883,4.492205,5.29206,4.18039,4.482015,4.763605
"Q5JP69;P06681;A0A0G2JL69;Q53HP3;B4DV48;Q53GZ8;H0Y3H6;B4DQI1;Q95IG1;E9PDZ0",1.309635,0.926681,0.5205035,1.38472,2.190575,0.8165905,-0.554949,1.248625,1.190215,0.2030265,1.61897,0.741869,2.122035,1.59103,3.333455,2.2716,3.333425,1.40936,3.273325,0.044076,0.26348666,-1.921155,0.6770353,3.32553,1.791515,1.662975,2.06524,0.9368305,3.02819,2.7664
"P06727;Q13784",8.087565,7.4745275,6.141135,8.03941,7.517075,6.35166,6.40339,7.953355,8.032805,6.896785,6.003585,6.87473,4.238635,4.30041,5.82472,4.24002,7.095855,3.875995,6.608225,4.43937,4.421825,5.124915,5.73706,6.770015,7.85941,5.84579,6.150565,5.40948,4.6296,5.74129
"Q5U077;P07195;A8MW50",-1.026616,-1.2905245,-1.12028,0.2620905,-2.80241,-5.866735,-0.678778,-0.0642275,-1.2514255,-1.39718,-3.5418,-1.349025,0.234863,-0.4363575,-0.5431495,0.1560637,0.355799,-3.145495,1.19049,-3.83714,-2.97497,-5.01479,0.1350751,1.44056,0.12774465,1.88315,0.502381,-3.427915,-0.728439,-0.5288235
"P07357",3.516175,3.375835,3.1497,4.18025,3.477405,2.35312,2.82157,3.925845,3.283275,3.45527,3.697845,3.410135,3.568745,3.92093,4.363125,3.58746,4.61014,3.02678,4.885215,2.286815,1.986015,0.9615145,2.99838,5.114855,2.688525,4.310785,3.784135,2.652225,4.178415,4.210005
"P07360;Q5SQ08",4.37438,3.9448625,3.08536,4.96844,4.417185,2.884525,2.533215,4.10473,3.868035,4.00119,4.445765,3.711655,4.470525,3.723695,4.791525,4.28204,4.82352,3.342665,5.107015,2.17312,2.14319,0.1011765,3.129655,5.71541,3.497855,4.648935,4.165075,3.22727,4.76826,4.75317
"P07737;K7EJ44",1.73557,0.885524,1.21236,1.86546,0.006338,-1.294715,0.9063605,1.45454,0.522836,1.0056705,-1.033863,-1.49204,0.8475325,-0.7772235,0.824775,0.949378,-0.18087165,-3.580585,0.612193,-2.40431,-2.986195,-5.64894,1.68154,2.72195,-1.07561,3.56749,0.2532505,-4.277985,-1.1389345,-1.947735
"P08185;B2R9F2;G3V350",2.772295,2.936425,3.186545,3.707405,4.39861,4.526305,1.88562,3.904285,3.357455,2.74216,3.355765,2.480455,3.51241,2.737925,3.94203,4.00959,4.51024,1.62147,4.218955,2.549015,2.132565,1.483835,3.01662,4.942685,4.020515,4.230745,3.541225,3.005185,3.542045,4.17481
"P08567;Q59GZ2",0.942097,-0.798484,-1.34541,-0.798984,-3.33506,-6.044865,-1.16448,0.14228595,-1.760705,-1.979445,-2.965775,-4.47867,-1.540605,-5.01663,-4.65704,-0.7684465,-3.139565,-6.7954,-4.611725,-4.503925,-6.35953,-5.646285,-0.375247,1.688065,-4.471115,0.264999,-3.539545,-4.937265,-5.741815,-4.83991
"P08697;A0A0G2JPA8;C9JMH6;A0A0J9YY65",5.14606,4.899665,4.90464,6.034335,5.96547,4.497875,4.77766,4.755105,5.07875,4.66127,5.30957,5.035025,5.068625,5.155305,5.95584,5.31571,6.60022,4.694885,6.686035,4.759055,4.826765,3.65737,5.077785,6.71765,5.302335,6.327545,5.44248,4.567955,5.97806,5.394345
"P0DJI9",-3.92467,-4.2226025,-4.73626,-3.7666,-4.61046,-7.7355,-4.370655,-4.95847,-4.571635,-6.29566,-1.113823,-4.770075,2.432555,5.7719,5.61797,0.4652257,6.301955,3.747505,3.88978,-5.18082,-6.459765,-4.78095,-5.060205,6.628885,-3.662475,5.91083,2.1601,-6.129,3.678045,4.039855
"P10643;A8K2T4",2.578155,2.6771625,2.57632,2.585545,3.431935,1.739125,-0.12631065,3.126155,2.745455,2.14865,3.39414,3.000685,3.501785,3.17047,4.29236,3.09251,4.793345,2.506155,2.93108,3.177645,0.6039055,1.312905,2.902445,4.45148,4.094195,3.73116,3.725465,2.142965,3.37814,4.762855
"P10909;H0YC35;H0YLK8",6.313045,6.0368825,5.699285,6.862715,6.49544,5.228925,4.76874,6.148645,5.527345,5.35923,6.082325,5.573775,5.747455,5.133985,6.21077,6.165285,6.13006,4.342735,7.39001,3.659835,4.288445,3.37276,6.10405,7.482825,6.673225,7.10361,6.367515,5.442955,6.409845,6.45334
"P11226",0.472789,-2.5845105,-3.87275,-2.0364215,-2.651345,-1.119174,-1.98023,-4.68538,-4.322175,-1.749205,-3.57533,-1.9114,-2.38816,0.407091,-2.56564,-1.08176,-1.4788235,-8.24105,1.074746,-5.71882,-1.0442485,-3.171405,1.446125,-0.15777,0.976544,0.090075865,-2.704745,-1.140745,-0.371945,-2.41587
"P13671",2.21259,2.31567,2.280025,2.81632,3.36198,1.435555,0.17635309,2.202345,1.75234,1.964,2.801245,2.07461,2.85334,2.73557,4.190915,2.431515,3.798785,-0.01350355,4.38814,1.1194185,1.748465,0.6337155,2.163105,4.620685,2.00645,4.187515,3.038125,1.990225,3.735505,2.89028
"P15169",2.82212,2.52782,1.383405,3.15548,3.53191,2.176065,1.90831,2.4115,-0.25055325,2.24313,2.33684,2.214445,3.47219,3.43259,3.838455,3.052595,4.018565,1.127645,4.1909,0.998718,1.37717,0.828628,2.21732,4.87821,3.021575,4.00597,2.883755,1.890185,2.188375,2.998845
"P18065;C9JMY1",-3.678555,-3.5831075,-3.83486,-3.263495,-2.48706,-6.164125,-4.7831,-3.52124,-4.241595,-3.54443,-3.25054,-3.125515,-0.12675345,-0.719746,0.521972,-1.182055,1.66751,-1.886225,0.827714,-3.4963,-6.596265,-4.367645,-1.34229,0.226164,-0.9232715,-1.21564,-0.8773835,-5.27146,-3.81843,1.70776
"P18428;Q8TCF0",1.493975,0.8727395,-0.2212975,1.480155,1.98211,1.580725,0.656014,1.349525,0.4581555,0.843889,2.05708,1.574625,2.548815,3.164335,5.62438,2.50952,5.95742,4.94247,4.94876,4.28815,2.68221,1.509647,1.3035,4.95794,1.58722,4.70518,3.578675,1.24788,4.50323,4.76454
"Q53FL7;P19320;E9PDD2",-4.29609,-4.71839,-5.268945,-4.643695,-6.19775,-6.5679,-5.236525,-5.946595,-5.426885,-5.03935,-5.740885,-4.486645,-5.860445,-5.05945,-4.56067,-3.678405,-1.018935,-5.003095,-2.029795,-5.805185,-6.65973,-5.735245,-5.180665,-1.125165,-0.5351785,-3.61614,-2.9288,-6.427925,-4.34338,-2.416945
"P19652",-2.14314,-3.2241175,-3.89701,-2.45815,0.451844,-0.6826095,-1.58,-1.182865,-1.379235,-1.38446,-0.15798275,-1.0050495,-1.172875,0.836763,3.828535,0.18417575,4.1924,0.620433,1.712095,-1.20297,0.8028655,-0.2624725,1.1975085,1.212345,-1.28447,2.115125,1.55557,-1.38232,1.05166,2.448285
"P20851",4.679935,4.4970575,3.702265,3.360745,4.548835,1.307625,3.454305,3.562095,3.026085,3.834265,4.79859,3.364655,4.390295,4.084475,4.484995,3.834265,3.94561,3.94763,5.3959,3.11073,3.571845,1.84241,4.04089,5.48394,4.278245,5.393845,5.0435,3.025775,4.54762,4.467305
"P21333;Q5HY54;Q60FE6;Q60FE5;A6NDY9;A0A087WWY3;Q8TES4",0.19738,-0.9958275,-1.512385,-1.1122735,-2.379685,-7.272815,-1.317495,0.997524,-1.72371,-2.009295,-2.85351,-6.03329,-0.3782155,-4.10452,-1.91999,-0.295427,-5.06153,-8.575195,-2.055115,-6.50222,-6.365295,-5.202405,-0.7113405,0.7403785,-3.183155,1.321065,-2.44951,-5.043755,-4.57657,-2.972255
"P22792",2.877395,2.7603875,2.49519,3.551705,3.544115,2.56854,3.21632,3.080835,1.121591,3.03224,2.766475,2.478955,3.79329,3.47085,3.691465,3.10082,4.469685,2.610445,3.680565,3.411425,2.68161,2.42226,4.155015,5.056635,3.49853,4.64411,3.910865,2.736255,2.873295,3.51006
"P27169;B4DX19",4.77687,5.1978025,5.357015,5.859715,5.813935,5.27268,5.513215,5.56141,4.65481,5.2582,5.46472,4.1559,5.72209,4.85484,5.773705,4.791485,6.18056,4.299935,6.41774,3.783035,3.48194,4.32777,4.089895,6.39243,5.877195,5.84577,5.16686,5.0514,5.755875,4.049865
"Q53G71;V9HW88;P27797;B4DHR1",-2.9934,-4.42429,-4.509545,-3.97745,-3.416295,-3.461395,-1.86361,-3.233985,-1.674455,-3.7899,-5.09953,-5.119885,-2.69511,-5.887545,-3.76226,-4.083505,-1.48394,-5.91427,-2.264315,-5.16711,-5.630525,-5.22502,-3.84904,-1.74659,-1.82315,-2.55432,-2.246035,-5.649875,-4.608335,-2.84031
"Q59EA3;P33151;B4DU18;I3L1J2;Q4VAI4",-2.643695,-2.50104,-2.35932,-2.029575,-1.41656,-3.81259,-2.2626,-2.01584,-5.15985,-2.86364,-3.6836,-3.5347,-4.62169,-3.47477,-2.360395,-3.61213,-2.738035,-5.200895,-0.7715575,-4.48992,-4.7825,-4.562365,-2.493795,-1.73498,-1.35862,-2.25873,-2.08636,-4.15691,-3.30766,-1.894735
"Q8TAY0;P35858;B0AZL7",2.62354,2.9379,3.097765,3.684545,3.734395,3.178745,2.718195,3.37577,3.237395,3.17226,2.32906,1.808945,1.944605,1.586085,2.97676,2.420115,0.9022285,1.77843,3.56527,2.5235,3.39202,2.31497,1.77538,3.88887,1.73093,4.180665,1.81321,2.624155,2.864155,1.250525
"P36980;V9GYE7",1.572745,1.70584,1.34386,3.003475,0.823984,1.422165,-0.1777356,0.723948,1.205579,0.750353,1.799885,2.661825,2.401205,2.58796,1.93328,2.06484,1.597025,0.550301,2.706115,0.6636505,-1.0462145,0.2388254,2.72798,3.35741,2.386175,3.07198,2.818985,-0.04833265,2.286545,2.61478
"P37802;X6RJP6",1.1747,0.64578605,1.371335,1.37434,-0.1551475,-6.45752,-1.4998,1.2922,-0.9197325,-1.869205,-4.232715,-1.597535,0.444385,-1.423735,0.072443275,0.569614,-3.03491,-2.85791,-1.561732,-4.593685,-4.034375,-5.757135,0.5545755,1.62918,-3.127955,2.714105,0.0960193,-3.40667,-3.1794,-1.22038
"P43251;C9JSN9",0.3854225,0.30823575,-0.102638805,1.499165,1.306085,0.331929,-0.13734205,1.11011,0.06716745,0.111585,0.585473,-0.308943,0.4182775,-0.440911,-0.0178771,-0.0956395,0.28995775,-1.3744575,1.24099,-4.443285,0.18307615,-3.5774865,-0.4740195,1.49759,1.11126,1.54814,-1.185615,0.010884,0.486863,0.801506
"P43652",5.28215,4.805185,4.493175,4.903235,5.277035,3.88651,4.016825,4.68205,4.42148,4.056995,4.25404,3.14862,3.88014,3.2477,3.41317,4.083065,3.337845,1.48956,5.12888,2.141265,2.759075,1.93828,4.00469,4.97721,4.04363,5.191385,4.38498,3.478595,3.89351,3.742165
"P48740;F8W876;B4DUI7",1.071865,0.371384325,-0.24340405,1.266939,1.1031325,-0.854598,-3.462195,-0.1543849,0.4116515,-0.0609575,0.0725153,-0.0976135,0.6815285,-0.0392407,0.7364125,0.848499,0.9514985,-0.6991775,2.15997,-0.042152415,-2.46559,-2.559405,0.3058361,1.940845,1.81471,0.776957,1.0282915,-0.357282,1.027705,-0.103985325
"P51884;Q53FV4",4.12397,3.73431,2.78854,3.99336,4.299235,2.325075,2.18248,2.893265,2.490625,3.21479,2.369115,0.0729525,2.398005,1.55493,2.137175,1.908935,3.73247,2.07664,2.822685,3.89448,2.71887,1.923665,2.20647,3.054945,3.33565,2.28982,2.80405,2.371035,1.97466,3.80323
"Q6EZE9;P59666;P59665",-2.98876,-1.41298325,1.684435,-3.614945,1.09653,-5.236185,-5.631525,-0.0295348,-0.2415505,-3.559081,1.1897,1.229955,3.288205,2.450945,0.5295255,2.550435,2.04187,-0.066444,0.822224,0.023795115,0.4271165,-1.457115,2.37264,0.43007845,0.7199575,4.612055,3.466375,0.3906925,0.7123318,2.774895
"P80108",1.768955,1.51097,0.3887475,1.76495,1.485455,0.2434815,0.9346015,0.935291,0.8441875,1.26169,0.856347,0.742666,0.3132825,-0.17302525,0.8534615,0.82741,0.9877915,-1.80506,1.675575,-2.028435,-0.7673635,-2.03855,1.80822,2.174035,0.964424,1.484385,0.758062,0.13891835,0.9678625,1.12925
"Q02985;Q8WW96;A0A087WYK9;V9GYX2;Q6NSD3",0.2206755,-0.77149725,-1.424375,-0.5060615,-0.9064315,-4.54153,-4.91488,-0.7192985,-0.883482,-0.09280425,-1.671495,-3.84272,-0.540441,-0.8597975,1.121955,-1.851465,1.59465,-1.703995,0.242423,-3.332645,-2.715305,-3.19418,-1.441355,1.18693,-4.267595,-0.6572645,-2.88583,-2.007125,-0.664972,-1.576755
"Q03591;B1AKG0",2.76996,3.26763,2.98086,3.095475,2.753065,3.5682,1.9906,2.62001,2.919995,4.043695,4.24464,3.815855,1.71205,3.80181,3.545935,4.245815,4.08955,1.85012,5.43667,1.91806,0.593034,2.361935,3.541725,5.967925,4.2551,4.763785,4.421105,3.950545,4.30811,5.23596
"Q04756;D6RAR4",1.42805,1.07594225,1.565715,1.782705,1.590455,-0.5468275,-0.120216,1.113915,0.8925875,0.565969,0.676211,0.207957,-0.2862724,0.0630455,0.7404075,0.0513607235,0.6293375,-0.594869,1.732295,-0.417531,-1.1653895,-0.0477595,-0.145877305,2.375555,1.499855,1.338575,1.76576,-0.4685025,0.9383455,-0.145582
"Q06033;A0A087WW43;E7ET33;B4DPQ4",2.11297,2.4312225,2.266995,2.905285,4.083775,1.406355,1.3614,2.988135,1.943635,2.134735,2.91749,2.269985,4.14845,3.841595,4.94958,2.995375,5.36335,2.974805,5.275585,2.413105,1.630625,-0.1169275,3.23875,5.755625,3.9701,4.27951,3.35623,2.019975,4.022395,4.01606
"Q13103;C9J6K0",-0.7026525,-0.6456585,-0.665269,-0.1669006,1.06111,-1.20168,-1.694575,-0.06870415,-4.61849,-1.549195,-0.813937,-2.019325,-0.527452,-1.3193615,-4.001165,0.395409,-2.867305,-5.1579,-0.529827,-2.747465,-3.223865,-1.809375,-2.383815,1.71245,-3.36869,-2.1791,-0.259022,-0.544888,-3.820555,-1.82908
"Q13790;B2RC09",1.04136,0.76866475,0.1208978,1.824315,1.78248,0.7389175,-0.067378355,1.73591,1.143385,0.982368,1.89909,0.06698615,2.34419,1.60412,2.09422,2.17366,2.291,-0.638358,1.295075,-1.142919,-1.271755,-1.5528,-0.3634045,3.26497,1.45219,0.564168,1.07584,0.861891,2.29938,2.374335
"Q14520",2.466255,2.20237,1.92896,3.42333,2.97862,2.15241,0.860434,2.35531,2.276455,2.300505,3.01204,2.82115,3.23642,2.266605,3.8961,3.94551,3.489205,2.00927,4.19864,-0.3278275,0.4090795,-0.1380455,2.73839,4.442555,3.568965,3.65946,3.419195,1.673215,3.42477,3.361565
"Q15166;F8WD41;C9JZ99;B4E2I0",-2.20247,-2.57457,-2.689105,-0.9348145,-1.552015,-4.014,-2.324425,-1.074805,-2.60774,-2.444955,-3.31462,-2.85727,-2.70328,-3.9626,-2.88967,-2.945755,-3.33486,-6.65263,-4.077665,-4.754865,-5.390215,-5.144235,-3.261255,-1.800285,-2.67038,-2.20132,-2.112415,-2.351125,-3.01501,-2.504115
"Q56G89",12.14495,11.7846,11.57755,12.64165,11.94025,10.88115,11.352,11.5692,11.16925,11.58075,11.79325,8.779115,8.58336,8.35516,9.808515,9.88471,9.717615,8.49359,11.6978,7.487135,9.17873,9.11346,10.22097,10.4589,9.36093,10.34655,11.2796,10.6801,10.9408,9.7071
"Q6EMK4",-0.607255,-0.739817,-1.309701,-0.7566515,-0.726593,-3.09433,-0.121680645,-0.718176,-0.730654,-0.428086,-1.1664725,-2.618495,-1.115205,-2.0252,-0.5393815,-3.11769,1.14733,-2.776255,0.95092,-2.46989,-5.254485,-3.52884,-0.534575,0.592328,0.105112,-1.695345,-0.963119,-2.735545,-0.7388205,-0.5231795
"Q6LAM1",4.40865,3.9993425,3.78381,4.471075,4.28628,2.93991,3.33835,4.11627,3.643935,4.022325,4.2302,3.220155,4.595935,3.672235,4.734635,3.98941,4.553405,1.98272,5.61314,1.51671,2.46923,1.007978,4.184635,5.687575,3.44575,5.227765,4.17188,3.5471,4.62255,4.89719
"Q6UXB8",-1.092047,-1.657226,-2.698515,-1.592285,-0.3858675,-1.783335,-6.267205,-2.23566,-2.9529,-1.95677,-4.65057,-5.87378,-4.05149,-4.32668,-4.981545,-3.40957,-5.262755,-6.85052,-1.485155,-5.29582,-5.47246,-5.279305,-3.9813,-2.24617,-2.43201,-3.31668,-4.1896,-6.5973,-2.816075,-4.50137
"Q86UX7;F5H1C6",1.211325,0.616845525,-0.1678595,0.3365955,-1.92996,-3.51505,0.439841,0.9158775,-1.2783345,-1.481855,-1.923705,-3.44545,-0.1523585,-3.016405,-1.3331,-0.503341,-3.059625,-5.766985,-1.48327,-3.581555,-4.612375,-6.26935,0.1519415,0.654125,-3.205615,1.5426,-0.8970625,-4.460495,-3.5673,-3.8682
"Q92496;A0A0C4DH21",-1.289445,-1.220475,-3.764655,-2.23253,-1.578645,-2.5718,-4.280725,-1.73726,-1.259245,-0.8159145,-2.77214,-4.471755,-1.44111,-1.41325,-1.191415,-2.545755,0.02056645,-2.881955,-0.383263,-6.346715,-5.701885,-5.46097,-4.032285,1.1361725,-3.97934,-1.21328,-2.460135,-3.05678,-2.21483,-3.315445
"Q96IY4;A0A087WSY5",1.411765,1.22648925,0.9334905,2.5842,2.01804,0.8344405,0.689486,1.1640425,0.9707945,1.58908,0.4723065,1.705305,2.16541,1.43685,2.3901,1.784005,2.496435,-0.5842345,2.86809,-0.6351215,-0.07541965,-2.59606,3.1038,3.58168,3.04233,3.521905,2.274305,1.157474,1.109585,2.894335
"Q96PD5",3.940435,3.994565,4.4187,4.769595,4.68754,2.699025,3.881555,3.879955,3.826975,3.93678,3.662,2.703055,3.45465,2.4064,3.577775,2.684445,3.37671,2.004975,4.62066,2.79351,3.649505,2.80766,2.5749,4.523105,3.153925,3.36394,3.73177,2.864165,3.732645,4.113225
"Q9BWP8",-3.405385,-2.9005325,-2.060345,-2.39928,-3.61996,-5.2203,-3.04321,-2.265805,-2.876505,-6.333245,-1.737425,-1.69287,-2.40404,-2.122535,-2.99113,-2.329225,-2.6962,-6.28139,-0.6537085,-5.063595,-6.754385,-5.726525,-2.53404,-0.7980315,-2.367985,-1.2082,-1.98823,-2.64882,-2.50018,-1.606885
"Q9HDC9;H0Y512",-2.00157,-2.400115,-4.003415,-1.30594,-1.131204,-5.41913,-4.54498,-2.87082,-2.801175,-2.263875,-5.52064,-1.23305,0.330875,-0.913099,-0.2139695,-0.02465585,-1.0375695,-3.7453,1.28615,-5.769705,-4.92792,-6.583155,-0.078848,1.60278,0.05394365,-1.15636,-0.712854,-1.8913,-0.7654805,-0.07027375
"Q9NZP8",1.14583,0.882292,-0.372401,-0.292435,1.118326,0.124929,0.3214355,0.6608745,0.6753645,-0.1522015,1.379475,0.0391779,0.622088,1.1592025,1.170575,0.5891795,1.69163,0.0420385,2.16518,-0.4922065,-0.899233,-1.335635,0.070784,1.8531,1.030274,2.0211,1.73837,-0.17422915,1.0202585,1.24713
"Q9UGM5;Q5J875;E9PG08;B7Z8T3",0.61201,0.79472125,0.6581435,1.384025,1.41473,2.412305,-0.870469,1.237325,1.13305,0.5100445,1.34217,0.0381605,0.4300245,-0.921462,1.1654565,0.853106,0.5538745,-0.0942388,1.03117,-0.7776935,0.493046,-2.4435145,1.18579,1.625355,-2.09736,0.4489215,0.603904,-0.0805125,1.254825,0.8129175
"Q9Y490",0.7816465,-0.08011875,-0.1290052,0.16751125,-1.78145,-6.146245,-1.027753,1.28907,-1.36344,-2.002255,-2.67547,-3.35846,0.3373965,-2.25034,-0.844983,0.617724,-4.62328,-5.79567,-1.66152,-3.788665,-3.4101,-8.02514,0.0877445,1.27042,-2.950375,2.163435,-1.63288,-5.71903,-3.070935,-3.94613
"L8E853",-4.44532,-3.9893905,-5.8499475,-4.21133,-3.8736775,-5.9472925,-4.395385,-4.7170125,-3.42877,-3.7237275,-2.62031115,-3.301573,-0.3228025,-1.32097,-1.518935,-1.4469675,0.3941475,-3.9433125,-0.31535,-3.277644,-5.637755,-5.5439025,-1.20371025,0.5836,-0.1098,-1.9636725,-1.43469,-2.33286675,-1.9692375,-0.9147
"B4DUV1;B1AHL2",0.63245375,0.674707625,0.4222355,0.58652625,1.83149575,-0.89052575,0.02685625,0.54110425,0.51555075,0.15938075,0.93439175,-1.356089,1.04330065,0.869067,1.070478,-1.40981,1.76505275,-0.45592575,1.34949425,1.1665845,-0.40835675,-0.860914,0.2887265,2.014668,1.13607525,-0.72553,-0.3253145,-0.6940825,0.66208,1.602891525
